date,t_avg_c,t_max_c,t_min_c
2024-10-01,19,24,14
2024-10-02,20,27,13
2024-10-03,24,27,21
2024-10-04,23,25,17
2024-10-05,19,25,13
2024-10-06,17,23,12
2024-10-07,17,23,11
2024-10-08,19,25,12
2024-10-09,22,26,20
2024-10-10,22,26,18
2024-10-11,22,27,17
2024-10-12,18,22,13
2024-10-13,17,23,12
2024-10-14,17,23,11
2024-10-15,18,23,12
2024-10-16,17,23,12
2024-10-17,19,25,13
2024-10-18,20,23,19
2024-10-19,19,21,17
2024-10-20,19,22,16
2024-10-21,20,24,16
2024-10-22,17,23,12
2024-10-23,16,22,12
2024-10-24,16,24,10
2024-10-25,17,23,12
2024-10-26,17,23,12
2024-10-27,17,23,13
2024-10-28,16,22,11
2024-10-29,17,21,14
2024-10-30,17,21,13
2024-10-31,17,21,12
2024-11-01,17,21,12
2024-11-02,15,21,10
2024-11-03,16,21,10
2024-11-04,14,20,9
2024-11-05,13,20,8
2024-11-06,13,22,6
2024-11-07,12,20,6
2024-11-08,12,20,5
2024-11-09,12,20,6
2024-11-10,11,20,4
2024-11-11,10,18,4
2024-11-12,12,17,4
2024-11-13,15,17,11
2024-11-14,13,17,10
2024-11-15,11,15,7
2024-11-16,11,15,7
2024-11-17,10,16,5
2024-11-18,12,19,7
2024-11-19,15,21,11
2024-11-20,17,21,12
2024-11-21,14,18,11
2024-11-22,17,20,11
2024-11-23,9,12,5
2024-11-24,8,14,3
2024-11-25,7,14,0
2024-11-26,7,16,3
2024-11-27,12,19,6
2024-11-28,14,18,10
2024-11-29,13,16,10
2024-11-30,9,12,6
2024-12-01,12,13,10
2024-12-02,11,16,7
2024-12-03,9,14,4
2024-12-04,12,16,8
2024-12-05,13,13,12
2024-12-06,12,13,10
2024-12-07,9,13,3
2024-12-08,10,14,4
2024-12-09,10,16,5
2024-12-10,10,15,6
2024-12-11,10,16,4
2024-12-12,10,14,5
2024-12-13,8,15,3
2024-12-14,14,17,9
2024-12-15,9,13,6
2024-12-16,8,13,4
2024-12-17,9,16,5
2024-12-18,8,15,3
2024-12-19,10,15,3
2024-12-20,13,16,6
2024-12-21,7,12,4
2024-12-22,7,11,2
2024-12-23,10,13,6
2024-12-24,7,11,4
2024-12-25,10,12,8
2024-12-26,11,13,10
2024-12-27,11,14,7
2024-12-28,9,13,6
2024-12-29,8,14,2
2024-12-30,7,15,1
2024-12-31,8,15,2
2025-01-01,7,14,4
2025-01-02,8,15,3
2025-01-03,11,15,6
2025-01-04,9,12,4
2025-01-05,9,15,4
2025-01-06,13,16,9
2025-01-07,16,17,15
2025-01-08,13,17,9
2025-01-09,11,17,8
2025-01-10,12,17,9
2025-01-11,11,15,7
2025-01-12,8,10,7
2025-01-13,9,11,7
2025-01-14,8,10,7
2025-01-15,7,10,4
2025-01-16,9,12,5
2025-01-17,11,12,9
2025-01-18,13,15,8
2025-01-19,13,16,11
2025-01-20,13,16,11
2025-01-21,11,14,7
2025-01-22,9,15,4
2025-01-23,13,17,9
2025-01-24,13,17,10
2025-01-25,12,17,7
2025-01-26,12,16,8
2025-01-27,12,17,8
2025-01-28,14,17,10
2025-01-29,13,18,9
2025-01-30,12,14,9
2025-01-31,10,16,5
2025-02-01,10,15,5
2025-02-02,11,14,6
2025-02-03,12,17,8
2025-02-04,10,14,6
2025-02-05,8,13,4
2025-02-06,9,14,5
2025-02-07,10,14,6
2025-02-08,9,14,4
2025-02-09,7,12,3
2025-02-10,7,14,1
2025-02-11,9,15,4
2025-02-12,11,15,6
2025-02-13,11,14,9
2025-02-14,12,16,9
2025-02-15,13,19,11
2025-02-16,11,14,7
2025-02-17,10,14,7
2025-02-18,10,13,6
2025-02-19,8,12,4
2025-02-20,7,11,2
2025-02-21,8,13,3
2025-02-22,7,14,-1
2025-02-23,10,16,4
2025-02-24,12,15,8
2025-02-25,13,16,10
2025-02-26,14,16,10
2025-02-27,13,14,11
2025-02-28,12,16,7
2025-03-01,12,17,7
2025-03-02,13,15,11
2025-03-03,11,14,6
2025-03-04,10,15,5
2025-03-05,10,17,4
2025-03-06,11,19,4
2025-03-07,11,19,5
2025-03-08,12,17,7
2025-03-09,12,19,6
2025-03-10,15,19,10
2025-03-11,17,18,16
2025-03-12,16,19,14
2025-03-13,15,19,12
2025-03-14,16,20,13
2025-03-15,18,21,16
2025-03-16,15,19,10
2025-03-17,12,16,7
2025-03-18,10,14,7
2025-03-19,8,13,3
2025-03-20,9,17,1
2025-03-21,10,18,2
2025-03-22,13,16,8
2025-03-23,16,18,14
2025-03-24,17,18,15
2025-03-25,16,18,16
2025-03-26,16,17,14
2025-03-27,14,18,10
2025-03-28,12,16,8
2025-03-29,12,15,9
2025-03-30,13,16,10
2025-03-31,13,18,7
2025-04-01,14,19,10
2025-04-02,15,21,10
2025-04-03,15,20,8
2025-04-04,14,19,9
2025-04-05,13,19,7
2025-04-06,13,20,9
2025-04-07,9,13,4
2025-04-08,8,12,5
2025-04-09,10,15,4
2025-04-10,11,17,5
2025-04-11,13,18,8
2025-04-12,14,20,6
2025-04-13,14,22,6
2025-04-14,17,20,16
2025-04-15,19,23,16
2025-04-16,19,21,17
2025-04-17,19,23,14
2025-04-18,15,20,10
2025-04-19,15,22,8
2025-04-20,16,24,8
2025-04-21,18,24,8
2025-04-22,17,24,10
2025-04-23,17,24,10
2025-04-24,17,22,11
2025-04-25,17,22,13
2025-04-26,17,20,13
2025-04-27,18,22,12
2025-04-28,19,25,13
2025-04-29,19,24,16
2025-04-30,20,24,15
2025-05-01,20,25,12
2025-05-02,21,26,15
2025-05-03,20,29,10
2025-05-04,21,28,14
2025-05-05,21,27,16
2025-05-06,20,24,17
2025-05-07,21,27,14
2025-05-08,19,22,14
2025-05-09,16,22,11
2025-05-10,17,23,9
2025-05-11,16,23,10
2025-05-12,18,23,14
2025-05-13,18,24,10
2025-05-14,18,24,11
2025-05-15,17,23,12
2025-05-16,17,19,14
2025-05-17,16,21,10
2025-05-18,17,23,9
2025-05-19,20,25,13
2025-05-20,20,27,15
2025-05-21,21,25,17
2025-05-22,21,26,15
2025-05-23,20,25,15
2025-05-24,19,22,17
2025-05-25,18,22,14
2025-05-26,19,24,11
2025-05-27,20,26,11
2025-05-28,21,26,15
2025-05-29,17,20,13
2025-05-30,20,23,14
2025-05-31,20,25,15
2025-06-01,22,29,13
2025-06-02,23,30,15
2025-06-03,23,30,17
2025-06-04,23,30,16
2025-06-05,23,32,13
2025-06-06,23,34,14
2025-06-07,27,34,18
2025-06-08,28,36,19
2025-06-09,26,32,20
2025-06-10,26,31,20
2025-06-11,25,31,17
2025-06-12,25,31,15
2025-06-13,26,32,18
2025-06-14,26,31,20
2025-06-15,25,32,16
2025-06-16,24,34,16
2025-06-17,28,33,21
2025-06-18,26,32,21
2025-06-19,27,32,22
2025-06-20,27,33,19
2025-06-21,27,31,22
2025-06-22,26,32,21
2025-06-23,25,31,15
2025-06-24,26,34,16
2025-06-25,25,34,16
2025-06-26,29,25,21
2025-06-27,29,35,23
2025-06-28,29,32,26
2025-06-29,28,30,25
2025-06-30,29,34,24
2025-07-01,32,36,26
2025-07-02,29,35,21
2025-07-03,29,35,20
2025-07-04,29,35,21
2025-07-05,29,36,20
2025-07-06,30,38,22
2025-07-07,30,36,23
2025-07-08,29,34,24
2025-07-09,25,28,20
2025-07-10,24,28,18
2025-07-11,24,29,20
2025-07-12,25,31,16
2025-07-13,26,33,16
2025-07-14,27,34,19
2025-07-15,28,33,21
2025-07-16,28,35,20
2025-07-17,28,36,19
2025-07-18,27,31,21
2025-07-19,26,33,16
2025-07-20,29,37,20
2025-07-21,31,38,23
2025-07-22,31,38,24
2025-07-23,29,35,22
2025-07-24,30,36,21
2025-07-25,32,41,22
2025-07-26,31,38,24
2025-07-27,27,31,23
2025-07-28,26,31,19
2025-07-29,25,31,22
2025-07-30,25,29,21
2025-07-31,24,30,18
2025-08-01,25,32,18
2025-08-02,26,34,17
2025-08-03,27,33,20
2025-08-04,25,28,21
2025-08-05,24,29,19
2025-08-06,26,31,22
2025-08-07,27,31,23
2025-08-08,27,32,21
2025-08-09,28,34,23
2025-08-10,28,35,22
2025-08-11,29,35,21
2025-08-12,30,39,21
2025-08-13,29,35,24
2025-08-14,29,35,24
2025-08-15,26,30,22
2025-08-16,27,32,23
2025-08-17,27,33,21
2025-08-18,25,32,20
2025-08-19,26,32,20
2025-08-20,27,34,20
2025-08-21,28,32,24
2025-08-22,28,33,23
2025-08-23,25,29,22
2025-08-24,25,31,19
2025-08-25,25,29,21
2025-08-26,25,31,18
2025-08-27,25,32,18
2025-08-28,26,34,19
2025-08-29,27,33,21
2025-08-30,26,29,20
2025-08-31,23,28,18
2025-09-01,24,29,17
2025-09-02,26,33,18
2025-09-03,25,30,20
2025-09-04,24,29,18
2025-09-05,25,31,19
2025-09-06,24,31,17
2025-09-07,24,29,19
2025-09-08,24,29,17
2025-09-09,26,33,19
2025-09-10,27,31,24
2025-09-11,25,30,21
2025-09-12,24,30,19
2025-09-13,24,30,17
2025-09-14,25,31,17
2025-09-15,24,29,19
2025-09-16,24,32,15
2025-09-17,24,29,18
2025-09-18,23,27,20
2025-09-19,23,29,17
2025-09-20,23,30,18
2025-09-21,23,31,15
2025-09-22,23,30,17
2025-09-23,24,30,18
2025-09-24,25,30,19
2025-09-25,24,29,19
2025-09-26,21,27,15
2025-09-27,20,26,14
2025-09-28,19,25,17
2025-09-29,19,25,15
2025-09-30,19,26,14
